Num episodes,Cumulative rewards
10,"[-2.0, -1.0, 15.0, 0.0, -2.0, -2.0, -1.0, -1.0, -2.0, 0.0]"
20,"[-1.0, 1.0, 16.0, -2.0, -2.0, 0.0, 3.0, 0.0, -1.0, 0.0]"
30,"[-2.0, -1.0, 16.0, 0.0, -2.0, -1.0, 1.0, -1.0, -2.0, 1.0]"
40,"[20.0, -3.0, 9.0, -2.0, 1.0, -2.0, -1.0, -1.0, 8.0, -1.0]"
50,"[-2.0, -2.0, 0.0, 17.0, 7.0, -2.0, 9.0, 16.0, -2.0, 16.0]"
60,"[-2.0, -1.0, -2.0, -2.0, -1.0, 17.0, -1.0, -2.0, -2.0, -2.0]"
70,"[-3.0, -2.0, -1.0, -1.0, -1.0, 0.0, 8.0, 18.0, 0.0, -1.0]"
80,"[-2.0, 0.0, -1.0, 0.0, -1.0, -2.0, -2.0, -2.0, -1.0, -2.0]"
90,"[-1.0, -1.0, -1.0, -1.0, 19.0, -1.0, -1.0, 3.0, -1.0, 16.0]"
100,"[-2.0, 10.0, 0.0, -1.0, -1.0, 30.0, -2.0, -1.0, 0.0, 1.0]"
110,"[9.0, 20.0, 9.0, -1.0, -2.0, -2.0, 21.0, -3.0, 15.0, 1.0]"
120,"[-2.0, 23.0, -1.0, -2.0, -2.0, 9.0, -2.0, -3.0, -2.0, 20.0]"
130,"[-2.0, -1.0, -1.0, -2.0, -1.0, 1.0, -3.0, -2.0, -2.0, 0.0]"
140,"[16.0, -1.0, -1.0, -1.0, 10.0, 16.0, -1.0, -1.0, -3.0, -1.0]"
150,"[-2.0, -2.0, -1.0, -2.0, 16.0, -2.0, -1.0, -1.0, -1.0, -2.0]"
160,"[-1.0, 17.0, 9.0, -3.0, -2.0, -1.0, -1.0, 17.0, 10.0, -2.0]"
170,"[28.0, -1.0, 17.0, -1.0, -1.0, -2.0, -1.0, 16.0, 11.0, -1.0]"
180,"[-2.0, -3.0, 14.0, -3.0, 0.0, -2.0, 30.0, 1.0, -1.0, -1.0]"
190,"[12.0, -1.0, -2.0, 11.0, -2.0, 15.0, -3.0, 0.0, 18.0, -1.0]"
200,"[-2.0, 17.0, 20.0, -2.0, 8.0, 1.0, -1.0, -1.0, 16.0, 0.0]"
210,"[-1.0, 12.0, -2.0, 3.0, -2.0, 0.0, 14.0, -2.0, -1.0, -2.0]"
220,"[14.0, -3.0, -1.0, 0.0, 10.0, 18.0, 15.0, -3.0, 4.0, 0.0]"
230,"[-2.0, -1.0, 10.0, -2.0, -1.0, -2.0, -2.0, 11.0, -1.0, -2.0]"
240,"[-1.0, 18.0, 11.0, -2.0, 8.0, -2.0, 36.0, -2.0, -2.0, -1.0]"
250,"[18.0, -2.0, 29.0, -2.0, 8.0, -1.0, 16.0, -1.0, 1.0, -2.0]"
260,"[-2.0, -2.0, -2.0, -1.0, 20.0, -1.0, 0.0, -2.0, 6.0, 9.0]"
270,"[-2.0, 2.0, 5.0, -1.0, 10.0, 14.0, -2.0, 8.0, -2.0, -1.0]"
280,"[-1.0, -2.0, -2.0, 16.0, 11.0, 0.0, 9.0, 12.0, -1.0, 10.0]"
290,"[0.0, -2.0, -1.0, 11.0, -1.0, -1.0, -1.0, 19.0, -2.0, 18.0]"
300,"[-3.0, -1.0, -2.0, -2.0, 0.0, 3.0, -2.0, -2.0, -2.0, 17.0]"
310,"[15.0, -2.0, 11.0, 11.0, 15.0, -2.0, 0.0, 29.0, 11.0, 10.0]"
320,"[27.0, 0.0, -3.0, -2.0, -1.0, 36.0, 23.0, -3.0, 22.0, -1.0]"
330,"[0.0, -2.0, 1.0, -3.0, 8.0, -1.0, 13.0, 5.0, 1.0, -2.0]"
340,"[-2.0, 17.0, 2.0, -2.0, -2.0, 10.0, 19.0, -2.0, -1.0, 23.0]"
350,"[14.0, 39.0, 27.0, -2.0, 11.0, 13.0, 0.0, 14.0, -2.0, 0.0]"
360,"[0.0, 4.0, -2.0, -2.0, -2.0, 0.0, 27.0, -2.0, -2.0, -2.0]"
370,"[-1.0, -2.0, -2.0, 1.0, -2.0, -2.0, 8.0, -2.0, -1.0, 8.0]"
380,"[-2.0, -2.0, 2.0, 15.0, 4.0, -2.0, -3.0, -3.0, -3.0, -3.0]"
390,"[2.0, -3.0, 9.0, 19.0, 11.0, 4.0, 24.0, 20.0, 11.0, -1.0]"
400,"[13.0, 9.0, 11.0, 9.0, -3.0, 4.0, 11.0, -1.0, 1.0, -2.0]"
410,"[25.0, 1.0, 8.0, -2.0, 2.0, 0.0, -2.0, -3.0, 0.0, -2.0]"
420,"[-2.0, 14.0, 8.0, -1.0, 11.0, -2.0, 7.0, 10.0, -2.0, -1.0]"
430,"[-2.0, 0.0, -1.0, -1.0, 15.0, -2.0, -2.0, -1.0, 12.0, 13.0]"
440,"[0.0, -1.0, 50.0, 17.0, 0.0, 18.0, -1.0, 18.0, -2.0, -1.0]"
450,"[-1.0, -2.0, -2.0, 50.0, -1.0, 17.0, 9.0, 0.0, 21.0, -1.0]"
460,"[-1.0, -1.0, 27.0, 18.0, -2.0, -1.0, -2.0, 12.0, 27.0, 2.0]"
470,"[-1.0, 12.0, 0.0, -3.0, -1.0, -3.0, 16.0, 0.0, -1.0, 3.0]"
480,"[-3.0, -3.0, -1.0, -1.0, -2.0, -2.0, 8.0, 22.0, -1.0, -2.0]"
490,"[-1.0, -2.0, -2.0, 12.0, 12.0, 6.0, 26.0, -1.0, -2.0, -1.0]"
500,"[0.0, -2.0, -1.0, 20.0, -2.0, 0.0, -2.0, 3.0, -1.0, -2.0]"
510,"[-2.0, 27.0, 39.0, -1.0, 13.0, 11.0, 27.0, -2.0, 2.0, 4.0]"
520,"[-2.0, 7.0, -2.0, -3.0, 30.0, -1.0, -3.0, -2.0, -1.0, -1.0]"
530,"[-1.0, -1.0, 20.0, -2.0, -1.0, 8.0, 20.0, 16.0, 12.0, 5.0]"
540,"[-2.0, -1.0, -2.0, 13.0, 13.0, 11.0, -1.0, 11.0, -2.0, 24.0]"
550,"[-2.0, 3.0, 26.0, 28.0, -2.0, 8.0, -1.0, -1.0, -3.0, 22.0]"
560,"[25.0, 14.0, 0.0, -2.0, 0.0, -3.0, -2.0, 13.0, -1.0, 18.0]"
570,"[3.0, 17.0, -2.0, 13.0, 25.0, 6.0, -2.0, 14.0, 5.0, -1.0]"
580,"[8.0, -1.0, 16.0, -3.0, 0.0, 14.0, 0.0, -1.0, 1.0, -2.0]"
590,"[11.0, 11.0, -3.0, 20.0, -1.0, -1.0, -2.0, -1.0, 6.0, 27.0]"
600,"[-2.0, 0.0, 28.0, -2.0, 33.0, -1.0, -2.0, -2.0, -1.0, 15.0]"
610,"[-2.0, -2.0, 12.0, -1.0, 8.0, 18.0, 0.0, 21.0, -2.0, -2.0]"
620,"[-3.0, -1.0, 15.0, -1.0, -2.0, -1.0, -1.0, -2.0, 2.0, -3.0]"
630,"[10.0, 7.0, 0.0, -1.0, -1.0, 3.0, 17.0, -2.0, 1.0, -1.0]"
640,"[15.0, -2.0, 0.0, -1.0, 34.0, -2.0, 1.0, 2.0, 16.0, 0.0]"
650,"[7.0, -1.0, -2.0, 0.0, -2.0, 2.0, -3.0, -2.0, -2.0, -2.0]"
660,"[16.0, -2.0, -2.0, 12.0, -2.0, 3.0, 8.0, 10.0, -2.0, 0.0]"
670,"[8.0, -1.0, -1.0, -2.0, 20.0, -2.0, 14.0, 9.0, -3.0, 6.0]"
680,"[-3.0, 13.0, 21.0, 19.0, 1.0, 13.0, 12.0, -1.0, 13.0, -1.0]"
690,"[11.0, -2.0, 18.0, -2.0, 24.0, 8.0, -2.0, 0.0, -2.0, 0.0]"
700,"[-2.0, 11.0, 15.0, 10.0, -1.0, -2.0, -3.0, -1.0, 5.0, 24.0]"
710,"[-2.0, 1.0, 0.0, 13.0, -2.0, -1.0, -1.0, 0.0, 15.0, 15.0]"
720,"[-1.0, -2.0, 11.0, -2.0, -2.0, 18.0, -2.0, -1.0, -1.0, -1.0]"
730,"[4.0, 17.0, -1.0, -2.0, 6.0, -1.0, -2.0, 1.0, -2.0, 5.0]"
740,"[-1.0, 16.0, 7.0, -2.0, 50.0, -1.0, 9.0, 13.0, 13.0, -2.0]"
750,"[23.0, -2.0, 0.0, 1.0, -1.0, -2.0, -1.0, 0.0, 14.0, -3.0]"
760,"[-1.0, -1.0, -2.0, -2.0, 5.0, 28.0, 25.0, -2.0, -3.0, -3.0]"
770,"[-2.0, 15.0, 16.0, 0.0, -2.0, 2.0, -2.0, -1.0, 0.0, -1.0]"
780,"[-2.0, 17.0, -2.0, 23.0, 0.0, 11.0, 8.0, -1.0, 13.0, 28.0]"
790,"[-2.0, 4.0, -2.0, 11.0, 1.0, -2.0, -2.0, 2.0, 11.0, 0.0]"
800,"[-2.0, 0.0, 12.0, 0.0, 8.0, -1.0, 26.0, -2.0, -2.0, 10.0]"
810,"[15.0, 50.0, 0.0, 1.0, 19.0, 8.0, 1.0, -1.0, 0.0, -2.0]"
820,"[2.0, 10.0, 22.0, 0.0, -1.0, 7.0, -2.0, -1.0, 22.0, 20.0]"
830,"[24.0, 39.0, 31.0, 28.0, 2.0, 0.0, 0.0, 28.0, -1.0, -1.0]"
840,"[10.0, -2.0, -1.0, 2.0, 19.0, -1.0, -2.0, -1.0, 14.0, 29.0]"
850,"[36.0, -1.0, 1.0, 3.0, 11.0, 10.0, -1.0, 11.0, 0.0, -1.0]"
860,"[34.0, 22.0, 0.0, 25.0, 19.0, 4.0, 0.0, 10.0, -1.0, -1.0]"
870,"[20.0, -1.0, -2.0, 13.0, 31.0, 14.0, -2.0, 21.0, 14.0, 0.0]"
880,"[19.0, -1.0, -2.0, -1.0, -3.0, 26.0, 14.0, 0.0, 8.0, -2.0]"
890,"[5.0, 25.0, 30.0, -2.0, -2.0, 18.0, -1.0, 33.0, -1.0, 30.0]"
900,"[3.0, 8.0, 19.0, -1.0, 1.0, 20.0, -1.0, -1.0, -1.0, 0.0]"
910,"[-1.0, -1.0, 24.0, -2.0, 17.0, -1.0, 20.0, 13.0, 8.0, 13.0]"
920,"[8.0, 11.0, -1.0, 22.0, -1.0, 12.0, 14.0, -2.0, 50.0, 21.0]"
930,"[-2.0, 15.0, 50.0, 24.0, -1.0, 14.0, -1.0, 20.0, 36.0, 20.0]"
940,"[-1.0, 9.0, 0.0, 0.0, 0.0, 1.0, -1.0, -3.0, 50.0, 22.0]"
950,"[-1.0, -2.0, 14.0, 0.0, 36.0, -2.0, 2.0, -1.0, 11.0, 5.0]"
960,"[0.0, 22.0, 18.0, 37.0, 9.0, 3.0, 14.0, 8.0, -1.0, 3.0]"
970,"[-1.0, 11.0, 50.0, 13.0, -1.0, 24.0, 17.0, -1.0, 27.0, 19.0]"
980,"[-1.0, 29.0, 22.0, 1.0, -2.0, 13.0, 5.0, 12.0, 17.0, 29.0]"
990,"[21.0, 2.0, 16.0, -1.0, -3.0, -3.0, 1.0, 18.0, -3.0, -2.0]"
1000,"[16.0, 19.0, -2.0, 19.0, 0.0, 19.0, 29.0, -1.0, -1.0, -1.0]"
1010,"[-3.0, 9.0, -1.0, 10.0, 1.0, 10.0, 11.0, 17.0, -1.0, -2.0]"
1020,"[-2.0, 8.0, 20.0, -2.0, -1.0, -1.0, 1.0, 29.0, 15.0, 3.0]"
1030,"[13.0, 25.0, 12.0, -2.0, 23.0, -1.0, 1.0, 11.0, 6.0, 20.0]"
1040,"[-1.0, -3.0, -2.0, 38.0, 50.0, 29.0, -1.0, 8.0, 50.0, 11.0]"
1050,"[8.0, -3.0, 23.0, 0.0, 24.0, 23.0, -3.0, -2.0, 8.0, -1.0]"
1060,"[-1.0, 23.0, -3.0, 18.0, 23.0, 11.0, 26.0, 18.0, -1.0, 28.0]"
1070,"[8.0, 0.0, -2.0, 16.0, 34.0, -1.0, -1.0, 50.0, 0.0, 0.0]"
1080,"[18.0, 27.0, -2.0, 17.0, 33.0, 23.0, 28.0, 1.0, 10.0, -3.0]"
1090,"[17.0, 18.0, 5.0, 50.0, 50.0, -1.0, 8.0, 17.0, 50.0, 22.0]"
1100,"[-1.0, 21.0, 27.0, -1.0, 37.0, 50.0, 21.0, 8.0, -2.0, 28.0]"
1110,"[24.0, -2.0, -2.0, 31.0, 36.0, -3.0, 50.0, 1.0, 12.0, 0.0]"
1120,"[-2.0, 12.0, 30.0, -1.0, 9.0, -3.0, 0.0, 0.0, 8.0, 30.0]"
1130,"[20.0, -1.0, -1.0, -2.0, 26.0, -1.0, 36.0, 2.0, -2.0, -2.0]"
1140,"[34.0, -2.0, 12.0, 19.0, -2.0, 10.0, -2.0, 18.0, 15.0, 24.0]"
1150,"[28.0, -1.0, -2.0, -3.0, 9.0, 27.0, 14.0, -3.0, 17.0, 17.0]"
1160,"[7.0, 13.0, 50.0, 24.0, -1.0, 26.0, 25.0, 15.0, 15.0, 50.0]"
1170,"[-1.0, 11.0, 13.0, 4.0, 0.0, 0.0, -2.0, 19.0, 9.0, -1.0]"
1180,"[1.0, 0.0, 13.0, 24.0, 50.0, -1.0, -2.0, 39.0, 18.0, -3.0]"
1190,"[8.0, 37.0, 0.0, 31.0, -1.0, 15.0, 1.0, 1.0, -2.0, -1.0]"
1200,"[-2.0, -3.0, 50.0, 18.0, 50.0, -2.0, 14.0, 3.0, 28.0, 25.0]"
1210,"[10.0, 24.0, 3.0, 18.0, 15.0, 31.0, -2.0, 14.0, 50.0, -2.0]"
1220,"[30.0, 17.0, -1.0, -1.0, 1.0, 17.0, 8.0, 13.0, 12.0, -2.0]"
1230,"[8.0, 0.0, 19.0, -2.0, 39.0, -1.0, -2.0, 10.0, 50.0, 18.0]"
1240,"[-1.0, 28.0, 23.0, 50.0, 20.0, 20.0, -1.0, 19.0, 1.0, 20.0]"
1250,"[50.0, 32.0, 18.0, 8.0, 10.0, 14.0, 50.0, 33.0, 1.0, 5.0]"
1260,"[1.0, -2.0, 26.0, 21.0, 22.0, 50.0, 13.0, 16.0, 15.0, 16.0]"
1270,"[-2.0, -1.0, -2.0, 26.0, 27.0, 22.0, 16.0, 24.0, -3.0, 13.0]"
1280,"[22.0, 33.0, 28.0, 13.0, 27.0, 25.0, 16.0, -2.0, 31.0, -1.0]"
1290,"[33.0, 50.0, 21.0, 27.0, 8.0, 10.0, 25.0, 21.0, 7.0, -3.0]"
1300,"[50.0, 16.0, 22.0, 50.0, 2.0, 16.0, -1.0, 50.0, 17.0, 50.0]"
1310,"[26.0, 18.0, 0.0, 50.0, 50.0, -1.0, 0.0, 11.0, -3.0, 16.0]"
1320,"[13.0, 0.0, 32.0, 15.0, 18.0, -2.0, 5.0, 21.0, -1.0, 50.0]"
1330,"[-1.0, 50.0, 5.0, 12.0, 24.0, 9.0, 50.0, 50.0, -1.0, 8.0]"
1340,"[14.0, 25.0, 50.0, -2.0, 8.0, 29.0, 38.0, 10.0, 11.0, 50.0]"
1350,"[22.0, -1.0, 25.0, 27.0, -3.0, 11.0, -2.0, 26.0, 10.0, 26.0]"
1360,"[-1.0, 34.0, 17.0, -2.0, 8.0, 11.0, 50.0, 25.0, 25.0, -2.0]"
1370,"[8.0, 25.0, 37.0, 5.0, 0.0, -1.0, 36.0, 3.0, -2.0, 11.0]"
1380,"[1.0, 50.0, -2.0, 15.0, -3.0, 36.0, 6.0, -2.0, 1.0, 34.0]"
1390,"[-1.0, 7.0, 12.0, 50.0, -2.0, 12.0, 39.0, 50.0, 11.0, -2.0]"
1400,"[50.0, 26.0, 25.0, -1.0, 50.0, 50.0, 11.0, 50.0, 50.0, 5.0]"
1410,"[-1.0, 0.0, 8.0, 14.0, 12.0, -2.0, 9.0, 10.0, 22.0, 1.0]"
1420,"[0.0, -1.0, -2.0, -2.0, 10.0, 14.0, 8.0, 13.0, 14.0, 1.0]"
1430,"[0.0, -1.0, -2.0, -1.0, 0.0, 15.0, -3.0, -3.0, -1.0, 19.0]"
1440,"[16.0, 14.0, -1.0, 50.0, 14.0, 0.0, -1.0, 1.0, 12.0, 2.0]"
1450,"[3.0, -1.0, -1.0, 16.0, 29.0, -1.0, -1.0, 1.0, -1.0, -1.0]"
1460,"[-1.0, 32.0, 18.0, 4.0, -2.0, -2.0, -1.0, -2.0, 15.0, -1.0]"
1470,"[-1.0, -1.0, -2.0, 11.0, 0.0, -1.0, -2.0, -2.0, -1.0, 18.0]"
1480,"[0.0, 0.0, -1.0, 15.0, 8.0, -1.0, 31.0, 0.0, -2.0, 16.0]"
1490,"[-1.0, 0.0, -2.0, 20.0, 1.0, 11.0, -3.0, 11.0, -2.0, 1.0]"
1500,"[3.0, 0.0, 3.0, 15.0, 8.0, 16.0, -2.0, -2.0, -2.0, 15.0]"
1510,"[-1.0, -2.0, -1.0, -2.0, -2.0, 2.0, 0.0, -1.0, -1.0, 16.0]"
1520,"[-2.0, 1.0, 9.0, -2.0, 0.0, 12.0, 21.0, 8.0, -1.0, -2.0]"
1530,"[-2.0, -2.0, 12.0, -1.0, -2.0, 15.0, 8.0, 16.0, -2.0, -2.0]"
1540,"[0.0, -1.0, 6.0, 9.0, 10.0, 0.0, -2.0, 12.0, -2.0, 0.0]"
1550,"[16.0, -3.0, -2.0, -2.0, 0.0, -1.0, 16.0, -1.0, 18.0, 1.0]"
1560,"[0.0, -2.0, 14.0, 0.0, 1.0, 26.0, -1.0, 15.0, 11.0, -2.0]"
1570,"[-2.0, 20.0, -2.0, 18.0, 0.0, 12.0, -1.0, -1.0, -2.0, -2.0]"
1580,"[33.0, 10.0, 0.0, -2.0, 16.0, -2.0, -2.0, 18.0, -1.0, 13.0]"
1590,"[1.0, 19.0, 16.0, -2.0, -2.0, -2.0, 6.0, -2.0, 15.0, -1.0]"
1600,"[0.0, 13.0, -2.0, -2.0, 8.0, -2.0, 0.0, -3.0, -2.0, 21.0]"
1610,"[-1.0, 17.0, 15.0, -1.0, 1.0, -2.0, 8.0, 3.0, 1.0, 25.0]"
1620,"[-3.0, -2.0, 3.0, -1.0, 2.0, 11.0, 12.0, 12.0, -2.0, 1.0]"
1630,"[0.0, 0.0, 1.0, 1.0, 0.0, 14.0, -3.0, -1.0, 0.0, 3.0]"
1640,"[-1.0, -1.0, -2.0, 16.0, 25.0, -2.0, 2.0, 18.0, -2.0, 0.0]"
1650,"[15.0, -1.0, 0.0, 16.0, 50.0, -2.0, 4.0, 15.0, -2.0, 3.0]"
1660,"[9.0, 34.0, 10.0, 3.0, 0.0, -1.0, 0.0, -3.0, 15.0, -3.0]"
1670,"[-1.0, 0.0, 0.0, 17.0, 28.0, 3.0, 2.0, 9.0, 14.0, 9.0]"
1680,"[4.0, 22.0, -2.0, 0.0, 0.0, 0.0, 21.0, -2.0, -2.0, -1.0]"
1690,"[26.0, 20.0, 0.0, 0.0, 8.0, -2.0, -2.0, -1.0, 13.0, -2.0]"
1700,"[-1.0, 0.0, -1.0, 35.0, 15.0, 26.0, -1.0, 17.0, 50.0, 36.0]"
1710,"[34.0, 5.0, 3.0, 2.0, -1.0, 2.0, 10.0, 22.0, 24.0, -2.0]"
1720,"[0.0, -2.0, 3.0, -1.0, 19.0, -2.0, 8.0, 15.0, 20.0, 15.0]"
1730,"[-2.0, 7.0, 4.0, 50.0, -3.0, 2.0, 3.0, 13.0, -1.0, 30.0]"
1740,"[16.0, 17.0, 0.0, -1.0, 50.0, 6.0, 9.0, 50.0, 5.0, 1.0]"
1750,"[0.0, 12.0, 31.0, 13.0, -1.0, 10.0, 4.0, 0.0, 3.0, 18.0]"
1760,"[27.0, 3.0, -2.0, 4.0, 15.0, -2.0, -1.0, 4.0, -1.0, -1.0]"
1770,"[14.0, 29.0, 15.0, 26.0, -1.0, -1.0, -2.0, 0.0, -2.0, -3.0]"
1780,"[21.0, 8.0, 20.0, 11.0, 3.0, 0.0, 35.0, 7.0, -2.0, -2.0]"
1790,"[31.0, -2.0, 21.0, 8.0, 21.0, 13.0, 18.0, -2.0, 9.0, -2.0]"
1800,"[8.0, 12.0, 26.0, -1.0, -1.0, 28.0, 0.0, 1.0, 9.0, -1.0]"
1810,"[21.0, 50.0, 12.0, 16.0, 8.0, 12.0, -2.0, 39.0, 20.0, -2.0]"
1820,"[-2.0, 50.0, 15.0, 23.0, 22.0, 15.0, 10.0, 9.0, -2.0, -2.0]"
1830,"[50.0, 15.0, 34.0, 50.0, 22.0, 16.0, 8.0, 10.0, 14.0, 3.0]"
1840,"[31.0, -2.0, 7.0, 10.0, 50.0, 22.0, 32.0, 29.0, 30.0, 31.0]"
1850,"[22.0, 2.0, 1.0, -2.0, -2.0, 14.0, 18.0, 5.0, 36.0, -3.0]"
1860,"[1.0, -2.0, 39.0, 10.0, 16.0, 30.0, 23.0, 25.0, 4.0, 6.0]"
1870,"[50.0, 8.0, 15.0, 16.0, 38.0, 15.0, 22.0, 8.0, 18.0, 12.0]"
1880,"[30.0, 17.0, -1.0, 11.0, 17.0, 17.0, -1.0, 50.0, 35.0, 50.0]"
1890,"[-2.0, 50.0, 16.0, 50.0, 14.0, 0.0, 15.0, 25.0, 20.0, 50.0]"
1900,"[14.0, 25.0, 22.0, 1.0, 39.0, -2.0, 8.0, 16.0, 50.0, 50.0]"
1910,"[2.0, 8.0, 0.0, 18.0, 12.0, 9.0, 50.0, 11.0, 10.0, 7.0]"
1920,"[50.0, 50.0, 15.0, 50.0, 27.0, 23.0, 0.0, 21.0, 8.0, 18.0]"
1930,"[50.0, 23.0, 50.0, -1.0, 15.0, 1.0, 11.0, 10.0, 50.0, 26.0]"
1940,"[0.0, -1.0, 34.0, 36.0, 50.0, 24.0, 13.0, 50.0, 11.0, 18.0]"
1950,"[0.0, 11.0, 11.0, 13.0, 23.0, 6.0, 16.0, 13.0, 16.0, 17.0]"
1960,"[25.0, 29.0, -1.0, 29.0, 50.0, 50.0, -2.0, 29.0, 0.0, 29.0]"
1970,"[25.0, 15.0, 10.0, 12.0, 20.0, 8.0, 24.0, 9.0, 9.0, 9.0]"
1980,"[16.0, 50.0, 19.0, -2.0, 3.0, 9.0, 28.0, 14.0, 28.0, 17.0]"
1990,"[29.0, 8.0, 9.0, 17.0, 50.0, 16.0, 13.0, 12.0, 7.0, 50.0]"
2000,"[50.0, 13.0, -2.0, 16.0, 11.0, 15.0, 0.0, 13.0, -1.0, 30.0]"
2010,"[-1.0, -2.0, 9.0, -1.0, 3.0, -2.0, -1.0, 0.0, 9.0, 5.0]"
2020,"[-2.0, 6.0, 4.0, 20.0, -2.0, 3.0, 2.0, 2.0, 12.0, -1.0]"
2030,"[-2.0, 0.0, 16.0, -1.0, 25.0, -2.0, 3.0, 4.0, 0.0, 18.0]"
2040,"[14.0, 3.0, -1.0, 21.0, 8.0, -2.0, 50.0, 28.0, 2.0, 34.0]"
2050,"[3.0, 2.0, 14.0, 50.0, 16.0, 11.0, 22.0, 3.0, 5.0, 7.0]"
2060,"[-2.0, -1.0, 13.0, 50.0, 14.0, 30.0, 8.0, 10.0, 10.0, 50.0]"
2070,"[3.0, 2.0, 37.0, 23.0, 14.0, 14.0, 21.0, 19.0, -1.0, -1.0]"
2080,"[-1.0, 50.0, 10.0, 10.0, 36.0, 21.0, -1.0, 9.0, 50.0, 11.0]"
2090,"[29.0, 28.0, 23.0, 21.0, 32.0, 50.0, 15.0, 50.0, 8.0, 18.0]"
2100,"[11.0, -1.0, 16.0, -3.0, 3.0, 6.0, -1.0, 27.0, 0.0, 50.0]"
2110,"[27.0, 26.0, 14.0, 50.0, 18.0, 50.0, 14.0, 19.0, 6.0, -1.0]"
2120,"[50.0, 26.0, 11.0, 50.0, 26.0, 11.0, 9.0, 13.0, 8.0, 21.0]"
2130,"[6.0, 18.0, -1.0, -1.0, 15.0, 9.0, 50.0, 24.0, 9.0, -2.0]"
2140,"[12.0, 35.0, 50.0, 35.0, 50.0, 8.0, 50.0, 50.0, 12.0, 50.0]"
2150,"[11.0, 14.0, 5.0, 50.0, 30.0, 27.0, 18.0, 16.0, -2.0, 50.0]"
2160,"[19.0, 50.0, 22.0, 50.0, 12.0, 11.0, 27.0, -3.0, -1.0, 13.0]"
2170,"[14.0, 8.0, 20.0, 32.0, 5.0, 16.0, 30.0, 50.0, 20.0, -2.0]"
2180,"[0.0, 31.0, 8.0, 12.0, 1.0, 8.0, 50.0, -1.0, 2.0, 36.0]"
2190,"[10.0, 26.0, 14.0, 7.0, 19.0, 33.0, -2.0, 31.0, 18.0, 22.0]"
2200,"[36.0, 50.0, 6.0, -1.0, -1.0, 13.0, 19.0, 15.0, 22.0, 20.0]"
2210,"[24.0, 7.0, -2.0, 8.0, 21.0, -1.0, 2.0, 1.0, 15.0, 1.0]"
2220,"[3.0, 10.0, -1.0, 21.0, -3.0, -1.0, 0.0, 1.0, 4.0, 0.0]"
2230,"[1.0, 26.0, 2.0, 30.0, 13.0, -2.0, 2.0, 5.0, 8.0, 11.0]"
2240,"[6.0, 2.0, 4.0, -1.0, 16.0, 5.0, 0.0, 1.0, 3.0, -1.0]"
2250,"[2.0, 0.0, 22.0, 1.0, -1.0, 5.0, -1.0, 14.0, 14.0, -1.0]"
2260,"[2.0, 8.0, -2.0, 1.0, 1.0, 1.0, -1.0, 5.0, -2.0, 9.0]"
2270,"[2.0, -1.0, -2.0, -2.0, -2.0, 14.0, 13.0, -1.0, -1.0, -2.0]"
2280,"[-3.0, -1.0, -1.0, 3.0, 5.0, -2.0, -1.0, 0.0, -2.0, -1.0]"
2290,"[-1.0, 0.0, 0.0, 1.0, -2.0, 6.0, 4.0, 2.0, -2.0, 3.0]"
2300,"[3.0, -1.0, 2.0, 0.0, 1.0, 23.0, -2.0, 8.0, -2.0, 3.0]"
2310,"[1.0, 0.0, 8.0, 10.0, 13.0, 8.0, -2.0, -1.0, 3.0, -1.0]"
2320,"[0.0, 0.0, -2.0, -1.0, 3.0, 8.0, 24.0, 0.0, 5.0, 2.0]"
2330,"[22.0, 0.0, 5.0, 3.0, -2.0, -1.0, 0.0, 0.0, -1.0, 0.0]"
2340,"[0.0, 2.0, 2.0, 1.0, -1.0, 4.0, -1.0, 1.0, 37.0, 10.0]"
2350,"[5.0, -1.0, 3.0, -1.0, -1.0, 6.0, 8.0, -2.0, 3.0, 0.0]"
2360,"[8.0, 6.0, 15.0, 2.0, 0.0, 7.0, 5.0, 16.0, 12.0, -2.0]"
2370,"[3.0, 8.0, 1.0, -2.0, 6.0, 2.0, 3.0, 11.0, 25.0, 6.0]"
2380,"[8.0, 2.0, 2.0, 37.0, 12.0, 17.0, 1.0, 0.0, -3.0, 4.0]"
2390,"[3.0, 3.0, 0.0, 0.0, 21.0, 2.0, 3.0, 4.0, 4.0, 9.0]"
2400,"[2.0, -1.0, -1.0, 0.0, 14.0, -1.0, 0.0, 0.0, 0.0, 0.0]"
2410,"[12.0, 50.0, -2.0, 1.0, -1.0, 50.0, 0.0, 22.0, 11.0, 8.0]"
2420,"[50.0, 16.0, 34.0, 31.0, 17.0, 15.0, 20.0, 50.0, 13.0, 50.0]"
2430,"[11.0, -2.0, 16.0, 21.0, 15.0, 21.0, 50.0, 19.0, 50.0, 50.0]"
2440,"[37.0, 4.0, 15.0, 11.0, 33.0, 1.0, 50.0, 15.0, 50.0, -1.0]"
2450,"[50.0, 5.0, 29.0, 50.0, 23.0, 50.0, 7.0, 50.0, -2.0, 15.0]"
2460,"[-1.0, 35.0, 13.0, 50.0, 18.0, 28.0, 10.0, 19.0, 37.0, 50.0]"
2470,"[-2.0, 2.0, 32.0, 0.0, 25.0, 30.0, 7.0, 50.0, 0.0, 17.0]"
2480,"[-1.0, 28.0, -1.0, 50.0, 11.0, 37.0, -1.0, 12.0, 9.0, 50.0]"
2490,"[15.0, 29.0, 12.0, 0.0, 11.0, 1.0, -1.0, 1.0, 0.0, -1.0]"
2500,"[50.0, 50.0, 50.0, 50.0, 34.0, 50.0, 50.0, -2.0, 50.0, 28.0]"
2510,"[50.0, 19.0, 23.0, 38.0, -1.0, 16.0, 20.0, 50.0, 16.0, -2.0]"
2520,"[19.0, -1.0, 24.0, 31.0, -2.0, 8.0, 50.0, 30.0, 17.0, 19.0]"
2530,"[8.0, 0.0, 8.0, 20.0, -2.0, 19.0, -1.0, 13.0, 14.0, 28.0]"
2540,"[12.0, 50.0, 50.0, 12.0, 33.0, 15.0, 0.0, 15.0, -1.0, 14.0]"
2550,"[24.0, -2.0, 16.0, 15.0, -1.0, 8.0, 50.0, 17.0, 20.0, 37.0]"
2560,"[10.0, 0.0, 19.0, 16.0, 50.0, 0.0, 14.0, 17.0, 14.0, -1.0]"
2570,"[50.0, 50.0, 50.0, -2.0, 38.0, 17.0, 37.0, 15.0, -1.0, 22.0]"
2580,"[13.0, 14.0, 29.0, 50.0, 50.0, -2.0, 50.0, 50.0, 28.0, 15.0]"
2590,"[14.0, 32.0, 27.0, 8.0, 16.0, 23.0, 36.0, 50.0, 33.0, 18.0]"
2600,"[50.0, 50.0, 13.0, 0.0, -2.0, 2.0, 50.0, 16.0, 9.0, 50.0]"
2610,"[17.0, 33.0, 30.0, 30.0, -1.0, -2.0, 14.0, -2.0, 13.0, 18.0]"
2620,"[-1.0, 4.0, -2.0, 12.0, 12.0, 0.0, 50.0, 11.0, 20.0, -2.0]"
2630,"[-1.0, 13.0, 0.0, 0.0, 14.0, 0.0, 7.0, 7.0, 50.0, 10.0]"
2640,"[18.0, 0.0, -1.0, 10.0, 0.0, -1.0, 0.0, 2.0, 12.0, -1.0]"
2650,"[50.0, 6.0, 50.0, 50.0, 20.0, 50.0, 50.0, 15.0, -1.0, 18.0]"
2660,"[50.0, 38.0, 20.0, 28.0, 39.0, -2.0, 50.0, 50.0, 50.0, 12.0]"
2670,"[20.0, 16.0, 1.0, 25.0, 50.0, 50.0, 17.0, 50.0, 50.0, 50.0]"
2680,"[29.0, -1.0, 8.0, 30.0, 50.0, -2.0, 50.0, 50.0, 50.0, -1.0]"
2690,"[14.0, 50.0, 19.0, 50.0, 50.0, 29.0, 50.0, 0.0, 24.0, 50.0]"
2700,"[50.0, 50.0, 50.0, 50.0, 15.0, 38.0, 21.0, -1.0, 9.0, 50.0]"
2710,"[29.0, 6.0, 50.0, 50.0, 20.0, 25.0, 2.0, -1.0, 50.0, 14.0]"
2720,"[50.0, 50.0, 11.0, 17.0, 50.0, 9.0, 7.0, 50.0, 50.0, 30.0]"
2730,"[50.0, 50.0, 26.0, 50.0, 50.0, 32.0, 50.0, 20.0, 34.0, 10.0]"
2740,"[18.0, 50.0, 36.0, 50.0, 26.0, 2.0, 50.0, 0.0, 12.0, 50.0]"
2750,"[19.0, 16.0, 5.0, 22.0, 23.0, 50.0, 50.0, 50.0, 19.0, 18.0]"
2760,"[22.0, 9.0, 50.0, 50.0, -2.0, 50.0, 0.0, 33.0, 50.0, 29.0]"
2770,"[0.0, 50.0, 50.0, 50.0, 12.0, 50.0, 20.0, 50.0, 50.0, 50.0]"
2780,"[39.0, 50.0, 50.0, 50.0, -1.0, 50.0, 8.0, 23.0, 50.0, 22.0]"
2790,"[22.0, 25.0, 50.0, 1.0, 50.0, 20.0, 31.0, 32.0, 50.0, 50.0]"
2800,"[8.0, 50.0, 50.0, 50.0, 28.0, 50.0, 50.0, 21.0, 50.0, 9.0]"
2810,"[29.0, 50.0, 50.0, 50.0, 50.0, 50.0, 8.0, 34.0, 50.0, -1.0]"
2820,"[9.0, 50.0, 50.0, 15.0, -1.0, 50.0, 24.0, 23.0, 36.0, 50.0]"
2830,"[50.0, 50.0, 31.0, 22.0, -1.0, 9.0, 50.0, 50.0, 50.0, 50.0]"
2840,"[50.0, 50.0, 50.0, 9.0, 50.0, 35.0, 50.0, 50.0, 22.0, 50.0]"
2850,"[50.0, 50.0, 50.0, 19.0, 9.0, 50.0, 24.0, 50.0, -1.0, 30.0]"
2860,"[-1.0, 50.0, 30.0, 50.0, 17.0, 50.0, -1.0, 50.0, 25.0, 50.0]"
2870,"[3.0, 2.0, 11.0, 35.0, 2.0, 1.0, 1.0, 27.0, 6.0, -1.0]"
2880,"[12.0, 12.0, 25.0, 15.0, 35.0, 1.0, 19.0, 50.0, -1.0, 11.0]"
2890,"[25.0, 13.0, 32.0, -2.0, -1.0, 28.0, 50.0, 11.0, 11.0, 38.0]"
2900,"[-1.0, -3.0, 39.0, -3.0, -1.0, 21.0, 32.0, -1.0, -2.0, 12.0]"
2910,"[0.0, 18.0, -2.0, 9.0, 5.0, 33.0, -2.0, -2.0, 16.0, -1.0]"
2920,"[-2.0, 22.0, 9.0, -2.0, -1.0, 14.0, 18.0, 14.0, -1.0, -3.0]"
2930,"[-1.0, 1.0, 13.0, -3.0, 35.0, 1.0, 31.0, -1.0, 10.0, 50.0]"
2940,"[-2.0, 50.0, 14.0, -3.0, -2.0, -1.0, 11.0, 13.0, 9.0, 50.0]"
2950,"[5.0, -3.0, 6.0, -2.0, 14.0, -1.0, 11.0, 50.0, -3.0, -3.0]"
2960,"[-1.0, 13.0, -3.0, 2.0, -1.0, -1.0, 13.0, -2.0, 8.0, 3.0]"
2970,"[17.0, 9.0, 9.0, 10.0, -2.0, 12.0, 10.0, -2.0, 0.0, 4.0]"
2980,"[8.0, 22.0, -2.0, 17.0, -1.0, 23.0, 15.0, 11.0, 36.0, 0.0]"
2990,"[-1.0, -1.0, 2.0, 3.0, -2.0, 18.0, -3.0, -1.0, 11.0, 4.0]"
3000,"[11.0, 0.0, -1.0, -3.0, -2.0, 6.0, -3.0, 17.0, 0.0, -2.0]"
3010,"[2.0, 50.0, -2.0, 6.0, 32.0, -2.0, -1.0, -1.0, 3.0, 1.0]"
3020,"[18.0, 19.0, 50.0, 25.0, 12.0, 24.0, 10.0, 11.0, 3.0, 21.0]"
3030,"[12.0, 27.0, 50.0, 10.0, 10.0, 16.0, 26.0, 50.0, 25.0, 35.0]"
3040,"[-3.0, 22.0, 50.0, 28.0, 50.0, 0.0, 50.0, 12.0, 30.0, 50.0]"
3050,"[50.0, 50.0, 50.0, 50.0, 25.0, 50.0, 8.0, 50.0, 50.0, 13.0]"
3060,"[13.0, 5.0, 13.0, 12.0, 15.0, 38.0, 3.0, 0.0, 3.0, -1.0]"
3070,"[3.0, -1.0, 20.0, 12.0, 0.0, 16.0, 0.0, -1.0, 14.0, 1.0]"
3080,"[3.0, 19.0, 9.0, -1.0, 35.0, -1.0, 10.0, -1.0, -2.0, 22.0]"
3090,"[31.0, 12.0, 24.0, 24.0, 1.0, 21.0, -1.0, -2.0, 50.0, 32.0]"
3100,"[24.0, 50.0, 12.0, 50.0, 34.0, 21.0, 31.0, 34.0, 23.0, 50.0]"
3110,"[50.0, 27.0, 21.0, 27.0, 31.0, 50.0, 50.0, 35.0, 17.0, 50.0]"
3120,"[10.0, 50.0, 50.0, -2.0, 3.0, 38.0, 8.0, 50.0, 26.0, 33.0]"
3130,"[12.0, 28.0, -1.0, 9.0, 50.0, 13.0, 11.0, -1.0, 26.0, 8.0]"
3140,"[37.0, 24.0, 10.0, 30.0, 12.0, 50.0, 50.0, 37.0, 50.0, 13.0]"
3150,"[29.0, 50.0, 50.0, 32.0, 33.0, 8.0, 12.0, 26.0, 29.0, 29.0]"
3160,"[50.0, 39.0, -1.0, 28.0, 28.0, 39.0, 10.0, 50.0, 50.0, 23.0]"
3170,"[50.0, 23.0, 11.0, 8.0, 16.0, 22.0, 50.0, 37.0, 50.0, 1.0]"
3180,"[23.0, 2.0, 26.0, 29.0, 50.0, 23.0, 36.0, 50.0, 50.0, 8.0]"
3190,"[7.0, 50.0, 28.0, 50.0, -2.0, 15.0, 14.0, 50.0, 50.0, 11.0]"
3200,"[14.0, 20.0, 26.0, 50.0, 7.0, 50.0, 27.0, 31.0, 31.0, 36.0]"
3210,"[3.0, 8.0, -1.0, 37.0, 11.0, -2.0, 3.0, 22.0, -3.0, 20.0]"
3220,"[3.0, 14.0, 0.0, 13.0, 4.0, -3.0, -1.0, 4.0, 0.0, 35.0]"
3230,"[22.0, 0.0, 5.0, 10.0, 2.0, 0.0, 1.0, -2.0, 0.0, 1.0]"
3240,"[23.0, 3.0, 4.0, 8.0, 1.0, 7.0, 26.0, 2.0, 39.0, 1.0]"
3250,"[-2.0, 39.0, 1.0, 30.0, 2.0, 0.0, 9.0, 50.0, 2.0, 50.0]"
3260,"[12.0, 13.0, 22.0, 50.0, -1.0, 23.0, 50.0, 19.0, 11.0, 50.0]"
3270,"[11.0, 12.0, 6.0, 22.0, 22.0, 3.0, 50.0, 13.0, 6.0, 11.0]"
3280,"[50.0, 21.0, -1.0, 10.0, 23.0, 50.0, 0.0, 50.0, 50.0, 36.0]"
3290,"[32.0, 14.0, 50.0, 39.0, 50.0, 38.0, 8.0, 22.0, 22.0, 8.0]"
3300,"[8.0, 11.0, 50.0, 36.0, 50.0, 10.0, 6.0, 36.0, -1.0, 50.0]"
3310,"[36.0, 35.0, 11.0, 50.0, 37.0, 50.0, 26.0, -1.0, -1.0, 2.0]"
3320,"[9.0, 10.0, 50.0, 7.0, 30.0, 8.0, 50.0, 33.0, 35.0, 50.0]"
3330,"[50.0, 30.0, 15.0, 9.0, -1.0, 39.0, 34.0, 50.0, -1.0, 35.0]"
3340,"[25.0, 33.0, 35.0, 50.0, 22.0, 32.0, 12.0, 50.0, 5.0, 3.0]"
3350,"[33.0, 37.0, 0.0, 50.0, 26.0, 50.0, 36.0, 38.0, 50.0, 30.0]"
3360,"[24.0, 12.0, 23.0, 26.0, 38.0, 31.0, 13.0, 50.0, 8.0, 36.0]"
3370,"[-1.0, 0.0, 36.0, 50.0, 50.0, 10.0, 11.0, 29.0, 50.0, 5.0]"
3380,"[50.0, 50.0, 11.0, 25.0, 50.0, 12.0, 20.0, 0.0, 8.0, 23.0]"
3390,"[23.0, -3.0, 23.0, 7.0, 16.0, 3.0, 33.0, 33.0, 12.0, 12.0]"
3400,"[50.0, 50.0, 28.0, 37.0, 37.0, 16.0, 24.0, 50.0, 25.0, 8.0]"
3410,"[34.0, 16.0, 29.0, 12.0, -2.0, -1.0, 26.0, 12.0, 13.0, 2.0]"
3420,"[8.0, 7.0, 50.0, 50.0, 27.0, 0.0, 17.0, 50.0, 30.0, 2.0]"
3430,"[50.0, 8.0, 9.0, -1.0, 8.0, 50.0, 50.0, 17.0, 15.0, 21.0]"
3440,"[50.0, -1.0, 6.0, 24.0, 12.0, 12.0, 7.0, -1.0, 14.0, 38.0]"
3450,"[37.0, 50.0, 50.0, 50.0, 8.0, 37.0, 50.0, 1.0, 50.0, 50.0]"
3460,"[50.0, 50.0, 22.0, 31.0, 2.0, 50.0, 50.0, 50.0, 50.0, 9.0]"
3470,"[50.0, 50.0, 50.0, 50.0, 39.0, 50.0, 10.0, 17.0, 50.0, 50.0]"
3480,"[50.0, 50.0, 50.0, 50.0, 11.0, -1.0, 24.0, 30.0, -1.0, 50.0]"
3490,"[28.0, 50.0, 50.0, 50.0, 50.0, 50.0, 50.0, 50.0, 50.0, -1.0]"
3500,"[8.0, 32.0, 50.0, 35.0, 5.0, 15.0, 50.0, 50.0, 50.0, 50.0]"
3510,"[16.0, 50.0, 36.0, 2.0, 34.0, 9.0, 24.0, 50.0, 50.0, 50.0]"
3520,"[33.0, 24.0, 50.0, 2.0, 50.0, 1.0, 8.0, 18.0, 50.0, 50.0]"
3530,"[50.0, 9.0, 50.0, 50.0, 50.0, 38.0, 5.0, 36.0, 34.0, 50.0]"
3540,"[50.0, 20.0, 24.0, -1.0, 50.0, 50.0, 50.0, 29.0, 0.0, 50.0]"
3550,"[26.0, 50.0, 8.0, 17.0, 50.0, 50.0, 26.0, 50.0, 17.0, 8.0]"
3560,"[-1.0, 50.0, 16.0, 33.0, 32.0, 50.0, 11.0, 11.0, 50.0, 50.0]"
3570,"[50.0, 50.0, 50.0, 50.0, 50.0, 7.0, 50.0, 50.0, 22.0, 50.0]"
3580,"[50.0, 50.0, 50.0, 50.0, 27.0, 50.0, 24.0, 50.0, 50.0, 50.0]"
3590,"[22.0, 50.0, 50.0, 8.0, 50.0, 50.0, 50.0, 15.0, 50.0, 25.0]"
3600,"[36.0, 50.0, -2.0, 12.0, 50.0, 50.0, 50.0, 50.0, 50.0, 50.0]"
3610,"[50.0, 35.0, -1.0, 50.0, 50.0, 37.0, 50.0, 50.0, 18.0, 50.0]"
3620,"[18.0, 50.0, 17.0, 29.0, 50.0, 1.0, 22.0, -1.0, 21.0, 14.0]"
3630,"[38.0, 17.0, 12.0, 23.0, 50.0, 12.0, 24.0, 50.0, 14.0, 24.0]"
3640,"[-3.0, 26.0, 50.0, 50.0, 29.0, 37.0, 50.0, 50.0, 50.0, 50.0]"
3650,"[14.0, 50.0, 50.0, 50.0, 50.0, 50.0, 50.0, 50.0, 50.0, 50.0]"
3660,"[11.0, 50.0, 28.0, 50.0, 29.0, 17.0, 50.0, 30.0, 50.0, 20.0]"
3670,"[34.0, 50.0, 50.0, 14.0, 50.0, 18.0, 22.0, 20.0, 21.0, 15.0]"
3680,"[36.0, 50.0, 17.0, 16.0, 50.0, 50.0, 50.0, 50.0, 17.0, 27.0]"
3690,"[4.0, 6.0, 8.0, 7.0, 6.0, 2.0, 13.0, -1.0, 6.0, 10.0]"
3700,"[18.0, 0.0, 11.0, 50.0, 36.0, -3.0, 20.0, 5.0, 34.0, 17.0]"
3710,"[21.0, 11.0, 4.0, 11.0, 12.0, 23.0, -2.0, 7.0, 9.0, 7.0]"
3720,"[50.0, 31.0, 10.0, -1.0, 10.0, 50.0, 2.0, 11.0, 13.0, 8.0]"
3730,"[24.0, 11.0, 26.0, 18.0, -2.0, 4.0, 13.0, 14.0, 23.0, 15.0]"
3740,"[25.0, 50.0, 16.0, 15.0, 36.0, 13.0, 35.0, 50.0, 16.0, 22.0]"
3750,"[10.0, 32.0, 14.0, 28.0, 26.0, -1.0, 29.0, 50.0, 16.0, 3.0]"
3760,"[4.0, 34.0, 17.0, 50.0, 50.0, 0.0, 22.0, 1.0, 8.0, 17.0]"
3770,"[9.0, 16.0, 50.0, 5.0, 12.0, 26.0, 23.0, 14.0, 23.0, 30.0]"
3780,"[15.0, -1.0, 39.0, 18.0, 19.0, 0.0, 8.0, 8.0, 22.0, 19.0]"
3790,"[38.0, -2.0, 17.0, 17.0, 19.0, 12.0, 19.0, 14.0, 18.0, 33.0]"
3800,"[30.0, 5.0, 50.0, 50.0, 30.0, 11.0, 19.0, 35.0, 17.0, 39.0]"
3810,"[-1.0, 17.0, 8.0, 12.0, 12.0, -1.0, -1.0, 6.0, 6.0, 20.0]"
3820,"[7.0, -1.0, -1.0, -1.0, 0.0, 8.0, 11.0, 17.0, 10.0, 12.0]"
3830,"[-1.0, 10.0, -1.0, 4.0, 9.0, 28.0, 3.0, 7.0, 8.0, -1.0]"
3840,"[11.0, -1.0, 11.0, 8.0, -1.0, 3.0, -1.0, 11.0, 24.0, 8.0]"
3850,"[-1.0, -1.0, -1.0, -3.0, 5.0, 3.0, -1.0, -1.0, -1.0, 6.0]"
3860,"[11.0, 9.0, 3.0, -1.0, 5.0, 0.0, -2.0, -2.0, 8.0, 6.0]"
3870,"[8.0, 12.0, 18.0, 5.0, 1.0, -1.0, -2.0, 10.0, 1.0, 0.0]"
3880,"[-1.0, -1.0, 0.0, 17.0, 15.0, 3.0, -1.0, 11.0, -1.0, -2.0]"
3890,"[-1.0, -1.0, 0.0, 13.0, -1.0, 3.0, 7.0, -1.0, 8.0, 2.0]"
3900,"[8.0, 9.0, -1.0, -1.0, 9.0, 6.0, 8.0, -1.0, 8.0, 16.0]"
3910,"[16.0, -1.0, 13.0, 5.0, 6.0, -2.0, 7.0, 7.0, -1.0, -1.0]"
3920,"[-1.0, 11.0, 1.0, -1.0, 8.0, -2.0, -1.0, -1.0, 12.0, -3.0]"
3930,"[-1.0, 8.0, -1.0, -1.0, 12.0, -1.0, -1.0, 3.0, 11.0, 8.0]"
3940,"[-1.0, 8.0, -1.0, 8.0, 8.0, -1.0, 8.0, -1.0, -1.0, -1.0]"
3950,"[-1.0, -2.0, 12.0, -1.0, 8.0, 20.0, 9.0, -1.0, -2.0, -1.0]"
3960,"[7.0, -1.0, -1.0, 11.0, 11.0, 5.0, 8.0, 3.0, 5.0, 0.0]"
3970,"[-1.0, 5.0, -2.0, 1.0, -1.0, -1.0, -3.0, -1.0, 1.0, 3.0]"
3980,"[12.0, -1.0, 8.0, 4.0, -2.0, -1.0, 11.0, 8.0, 5.0, 0.0]"
3990,"[-1.0, -1.0, 2.0, 11.0, -2.0, 8.0, 1.0, -2.0, 8.0, -1.0]"
4000,"[5.0, -2.0, -1.0, -1.0, -1.0, -2.0, 1.0, 17.0, -1.0, 3.0]"
4010,"[-1.0, 11.0, -1.0, -1.0, -1.0, 11.0, 8.0, -2.0, 1.0, -1.0]"
4020,"[-1.0, -1.0, -2.0, 8.0, -1.0, 9.0, 8.0, 5.0, 12.0, -1.0]"
4030,"[5.0, -1.0, -1.0, 3.0, -1.0, 5.0, 12.0, 14.0, 3.0, 6.0]"
4040,"[-1.0, -2.0, 7.0, -1.0, 12.0, -1.0, 12.0, 2.0, -1.0, -1.0]"
4050,"[11.0, 6.0, -2.0, 5.0, -2.0, -1.0, 9.0, 16.0, 11.0, 19.0]"
4060,"[-2.0, -1.0, 7.0, 13.0, -1.0, -1.0, 11.0, 1.0, -2.0, 9.0]"
4070,"[8.0, -1.0, 0.0, -1.0, -2.0, -2.0, 11.0, 8.0, 3.0, -1.0]"
4080,"[1.0, -1.0, 10.0, -1.0, 1.0, 11.0, 10.0, 0.0, -1.0, 11.0]"
4090,"[-1.0, 2.0, 5.0, -1.0, 8.0, 3.0, 5.0, 14.0, 12.0, -1.0]"
4100,"[-1.0, -1.0, 5.0, 3.0, 0.0, 1.0, -1.0, -2.0, 5.0, 11.0]"
4110,"[-1.0, -1.0, -1.0, 9.0, 1.0, -1.0, 8.0, 1.0, 8.0, -2.0]"
4120,"[-1.0, -2.0, -1.0, -1.0, 2.0, -1.0, -1.0, -2.0, 11.0, 2.0]"
4130,"[8.0, -2.0, 11.0, -1.0, 5.0, 10.0, 5.0, -2.0, 8.0, 11.0]"
4140,"[-2.0, 3.0, -1.0, 6.0, 12.0, 7.0, -1.0, -1.0, -1.0, -2.0]"
4150,"[6.0, 0.0, -2.0, -1.0, 10.0, 3.0, -2.0, 6.0, -1.0, 8.0]"
4160,"[-1.0, 11.0, -1.0, 8.0, 8.0, -1.0, -1.0, 2.0, 8.0, -2.0]"
4170,"[17.0, -2.0, 11.0, 0.0, -3.0, 5.0, 31.0, 7.0, 5.0, 8.0]"
4180,"[-2.0, -1.0, 8.0, 11.0, 3.0, 3.0, 10.0, -2.0, 14.0, 8.0]"
4190,"[-2.0, 8.0, -1.0, 8.0, 1.0, -1.0, 1.0, -2.0, -1.0, -1.0]"
4200,"[6.0, 0.0, 6.0, -2.0, 8.0, -1.0, -1.0, 6.0, 9.0, -1.0]"
4210,"[12.0, 15.0, 50.0, 36.0, 28.0, 23.0, 1.0, 50.0, 50.0, 50.0]"
4220,"[50.0, 37.0, 50.0, 31.0, 15.0, 37.0, 33.0, 50.0, 50.0, 4.0]"
4230,"[50.0, 50.0, 14.0, 50.0, 50.0, 36.0, 13.0, 28.0, 50.0, 50.0]"
4240,"[50.0, 20.0, 39.0, 50.0, 31.0, 50.0, 50.0, 50.0, 50.0, 33.0]"
4250,"[50.0, 50.0, 50.0, 50.0, 50.0, 33.0, 50.0, 50.0, 50.0, 36.0]"
4260,"[50.0, 12.0, 50.0, 50.0, 50.0, 50.0, 50.0, 50.0, 50.0, 50.0]"
4270,"[50.0, 50.0, 50.0, 50.0, 50.0, 50.0, 50.0, 18.0, 50.0, 50.0]"
4280,"[50.0, 31.0, 50.0, 50.0, 50.0, 50.0, 50.0, 15.0, 19.0, 50.0]"
4290,"[7.0, 50.0, 50.0, 50.0, 50.0, 21.0, -1.0, 24.0, 24.0, 50.0]"
4300,"[18.0, 32.0, 36.0, 50.0, 39.0, 50.0, 50.0, 50.0, 25.0, 50.0]"
4310,"[29.0, 50.0, 30.0, 50.0, 22.0, 13.0, 50.0, 50.0, 8.0, 50.0]"
4320,"[50.0, 2.0, 50.0, 14.0, 50.0, 50.0, 20.0, 14.0, 50.0, 50.0]"
4330,"[8.0, 50.0, 31.0, 19.0, 39.0, 6.0, 50.0, 50.0, 26.0, 38.0]"
4340,"[39.0, 50.0, 33.0, 50.0, -1.0, 35.0, 50.0, 25.0, 50.0, 50.0]"
4350,"[50.0, 50.0, 14.0, 5.0, 31.0, 50.0, 50.0, 27.0, 50.0, 50.0]"
4360,"[50.0, 50.0, 50.0, 3.0, 50.0, 50.0, -1.0, 50.0, -1.0, 26.0]"
4370,"[50.0, 50.0, 50.0, -1.0, 50.0, 7.0, 36.0, 50.0, 50.0, 50.0]"
4380,"[50.0, 29.0, 15.0, 50.0, 50.0, 50.0, 38.0, 38.0, 31.0, 50.0]"
4390,"[25.0, 32.0, 26.0, 50.0, 50.0, 20.0, 0.0, 50.0, 35.0, 50.0]"
4400,"[50.0, 50.0, 50.0, 50.0, 2.0, 50.0, 20.0, 12.0, 14.0, 50.0]"
4410,"[29.0, -3.0, 50.0, 50.0, 50.0, 16.0, 16.0, 17.0, 50.0, 50.0]"
4420,"[36.0, 30.0, 17.0, 50.0, 50.0, 17.0, 31.0, 14.0, 50.0, 50.0]"
4430,"[50.0, 50.0, 50.0, 50.0, 50.0, 50.0, 50.0, 50.0, 50.0, 50.0]"
4440,"[50.0, 50.0, 27.0, 50.0, 21.0, 50.0, 50.0, 50.0, 50.0, 50.0]"
4450,"[50.0, 50.0, 50.0, 50.0, 17.0, 50.0, 50.0, 17.0, 50.0, 50.0]"
4460,"[50.0, 50.0, 50.0, 50.0, 50.0, 50.0, 29.0, 50.0, 50.0, 50.0]"
4470,"[50.0, 50.0, 50.0, 19.0, 50.0, 50.0, 50.0, 50.0, 50.0, 32.0]"
4480,"[50.0, 25.0, 50.0, 38.0, 50.0, 50.0, 34.0, 50.0, 35.0, 50.0]"
4490,"[21.0, 33.0, 50.0, 50.0, 27.0, 19.0, 32.0, 38.0, 12.0, 50.0]"
4500,"[-1.0, 50.0, 3.0, 16.0, 5.0, 13.0, 12.0, 8.0, 10.0, 12.0]"
4510,"[4.0, 3.0, 17.0, 17.0, 3.0, 17.0, 2.0, 14.0, 1.0, 1.0]"
4520,"[0.0, 1.0, 1.0, 14.0, 21.0, 12.0, 11.0, 11.0, 13.0, 10.0]"
4530,"[-1.0, 1.0, 2.0, 3.0, 17.0, 11.0, 3.0, 2.0, 4.0, 11.0]"
4540,"[-1.0, 14.0, 0.0, 19.0, 2.0, 3.0, 13.0, -2.0, 12.0, 0.0]"
4550,"[30.0, 12.0, 3.0, 11.0, 11.0, 17.0, 5.0, 17.0, 1.0, 14.0]"
4560,"[-1.0, -2.0, 14.0, 3.0, 8.0, 3.0, 14.0, 1.0, 28.0, 3.0]"
4570,"[50.0, -1.0, 10.0, 9.0, 12.0, 13.0, 4.0, 18.0, 16.0, 14.0]"
4580,"[-3.0, 14.0, 2.0, 15.0, -1.0, 37.0, 3.0, 13.0, 14.0, 15.0]"
4590,"[15.0, 3.0, 0.0, 11.0, 12.0, 16.0, 3.0, 4.0, 9.0, 33.0]"
4600,"[9.0, 12.0, 1.0, 3.0, 14.0, 15.0, 12.0, 38.0, 12.0, 0.0]"
4610,"[50.0, 15.0, 15.0, 50.0, 50.0, 34.0, 50.0, 17.0, 7.0, 50.0]"
4620,"[29.0, 12.0, 50.0, 31.0, 18.0, 25.0, 22.0, 50.0, 50.0, 21.0]"
4630,"[36.0, 32.0, 50.0, 50.0, 31.0, 50.0, 25.0, 19.0, 50.0, 38.0]"
4640,"[28.0, 50.0, 16.0, 50.0, 39.0, 50.0, 50.0, 50.0, 50.0, 50.0]"
4650,"[13.0, 50.0, 9.0, 13.0, 16.0, 8.0, 50.0, 50.0, 10.0, 15.0]"
4660,"[11.0, -1.0, 50.0, 12.0, 16.0, 50.0, 50.0, 16.0, 16.0, 5.0]"
4670,"[50.0, 50.0, 12.0, 50.0, 28.0, 50.0, 2.0, 27.0, 28.0, 35.0]"
4680,"[25.0, 18.0, 50.0, 17.0, 34.0, 37.0, 26.0, 28.0, 29.0, 27.0]"
4690,"[50.0, 16.0, 17.0, 36.0, 38.0, 31.0, 34.0, 37.0, 26.0, 27.0]"
4700,"[6.0, 14.0, -1.0, 22.0, 38.0, -2.0, -1.0, 12.0, 31.0, -2.0]"
4710,"[19.0, 34.0, 21.0, -3.0, 26.0, 32.0, 23.0, 38.0, -3.0, 20.0]"
4720,"[-3.0, 28.0, -3.0, -2.0, 0.0, -1.0, 50.0, 31.0, 9.0, -1.0]"
4730,"[50.0, 28.0, 24.0, 50.0, 32.0, -2.0, -1.0, 12.0, 9.0, 13.0]"
4740,"[50.0, -2.0, 37.0, -2.0, -1.0, 50.0, -2.0, 23.0, 33.0, 12.0]"
4750,"[3.0, 31.0, 14.0, 50.0, 19.0, 32.0, -1.0, -1.0, 50.0, 1.0]"
4760,"[50.0, 24.0, 0.0, 13.0, 11.0, 25.0, 50.0, 28.0, 39.0, -2.0]"
4770,"[50.0, 50.0, 10.0, 25.0, 14.0, 25.0, 21.0, 50.0, 50.0, 14.0]"
4780,"[33.0, -1.0, 21.0, 18.0, 50.0, 24.0, 37.0, 29.0, -3.0, 13.0]"
4790,"[13.0, 24.0, 12.0, 3.0, 39.0, 10.0, 26.0, 33.0, 38.0, 50.0]"
4800,"[-1.0, 50.0, 26.0, 15.0, 28.0, 37.0, 6.0, 12.0, 5.0, 22.0]"
4810,"[22.0, 50.0, 18.0, 50.0, 50.0, 50.0, 15.0, 24.0, 15.0, 37.0]"
4820,"[-1.0, 6.0, 0.0, 2.0, 1.0, 4.0, 1.0, -1.0, 1.0, 4.0]"
4830,"[16.0, 16.0, 32.0, 31.0, 50.0, 20.0, 25.0, 32.0, 50.0, 14.0]"
4840,"[2.0, 5.0, -1.0, -1.0, 11.0, -1.0, -1.0, -2.0, -2.0, -3.0]"
4850,"[2.0, 35.0, 34.0, 50.0, 30.0, 28.0, 20.0, 15.0, 30.0, 27.0]"
4860,"[30.0, 7.0, 12.0, 17.0, 31.0, 27.0, 17.0, 17.0, 15.0, 22.0]"
4870,"[50.0, 28.0, 9.0, 30.0, 13.0, 13.0, 22.0, 16.0, 27.0, 39.0]"
4880,"[14.0, 9.0, 22.0, 20.0, 39.0, 15.0, 20.0, 24.0, 15.0, 16.0]"
4890,"[50.0, 50.0, 50.0, 50.0, 50.0, 50.0, 29.0, 50.0, 18.0, 27.0]"
4900,"[25.0, 16.0, 26.0, 0.0, 25.0, 24.0, 36.0, 14.0, 32.0, 15.0]"
4910,"[31.0, 30.0, 27.0, 36.0, 27.0, 26.0, 19.0, 16.0, 32.0, 32.0]"
4920,"[15.0, 14.0, 14.0, 50.0, 32.0, 15.0, 32.0, 25.0, 30.0, 27.0]"
4930,"[19.0, 14.0, 28.0, 27.0, 50.0, 29.0, 50.0, 31.0, 13.0, 32.0]"
4940,"[1.0, 50.0, 31.0, 36.0, 29.0, 10.0, 24.0, 12.0, 24.0, 50.0]"
4950,"[36.0, 24.0, 25.0, 50.0, 37.0, 50.0, 38.0, 27.0, 50.0, 50.0]"
4960,"[27.0, 25.0, 50.0, 15.0, 50.0, 13.0, 24.0, 37.0, 22.0, 25.0]"
4970,"[27.0, 32.0, -3.0, 11.0, 50.0, 36.0, 30.0, 50.0, 23.0, 50.0]"
4980,"[17.0, 50.0, 31.0, 17.0, 12.0, 35.0, 28.0, 21.0, 35.0, 26.0]"
4990,"[-1.0, 14.0, 29.0, 29.0, 37.0, 5.0, 15.0, 31.0, 30.0, 14.0]"
5000,"[29.0, 18.0, 14.0, 16.0, 13.0, 18.0, 23.0, 36.0, 22.0, 50.0]"
